{
  "0": {
    "test_accuracy": 0.9779,
    "test_error": 0.02210000000000001,
    "trust_scores": {
      "2": 0.3351886570453644,
      "0": 0.3810839056968689,
      "1": 0.3337228298187256
    },
    "gradient_norms": {
      "2": 1.0366966724395752,
      "0": 3.8051087856292725,
      "1": 0.7567551136016846
    },
    "weights": {
      "2": 0.32835331559181213,
      "0": 0.34377431869506836,
      "1": 0.3278723359107971
    },
    "features": {
      "2": [
        1.8639893824001774e-05,
        0.5,
        0.3824770450592041,
        0.2073393315076828,
        0.5,
        0.5
      ],
      "0": [
        0.00012259108189027756,
        0.5,
        0.39864546060562134,
        0.7610217332839966,
        0.5,
        0.5
      ],
      "1": [
        5.0192280468763784e-05,
        0.5,
        0.40155965089797974,
        0.15135101974010468,
        0.5,
        0.5
      ]
    },
    "raw_metrics": {
      "2": {
        "original_norm": 1.0366966724395752,
        "is_malicious": false
      },
      "1": {
        "original_norm": 0.7567551136016846,
        "is_malicious": false
      }
    }
  }
}