{
  "0": {
    "test_accuracy": 0.9779,
    "test_error": 0.02210000000000001,
    "trust_scores": {
      "2": 0.35627779364585876,
      "0": 0.348136305809021,
      "1": 0.3522891700267792
    },
    "gradient_norms": {
      "2": 1.0366966724395752,
      "0": 0.35370561480522156,
      "1": 0.7584598660469055
    },
    "weights": {
      "2": 0.3346978425979614,
      "0": 0.3319365978240967,
      "1": 0.3333655297756195
    },
    "features": {
      "2": [
        1.968437027244363e-05,
        0.5,
        0.36368048191070557,
        0.2073393315076828,
        0.5,
        0.5
      ],
      "0": [
        1.0050683158624452e-05,
        0.5,
        0.36417901515960693,
        0.07074112445116043,
        0.5,
        0.5
      ],
      "1": [
        3.117901724181138e-05,
        0.5,
        0.38430291414260864,
        0.1516919732093811,
        0.5,
        0.5
      ]
    },
    "raw_metrics": {
      "2": {
        "original_norm": 1.0366966724395752,
        "is_malicious": false
      },
      "1": {
        "original_norm": 0.7584598660469055,
        "is_malicious": false
      }
    }
  }
}