{
  "0": {
    "test_accuracy": 0.9779,
    "test_error": 0.02210000000000001,
    "trust_scores": {
      "0": 0.35530754923820496
    },
    "gradient_norms": {
      "0": 0.11406295746564865
    },
    "weights": {
      "0": 1.0
    },
    "features": {
      "0": [
        1.3207997653807979e-05,
        0.5,
        0.5,
        0.02281259186565876,
        0.5,
        0.5
      ]
    },
    "raw_metrics": {
      "0": {
        "original_norm": 0.11406295746564865,
        "is_malicious": false
      }
    }
  }
}