{
  "0": {
    "test_accuracy": 0.9779,
    "test_error": 0.02210000000000001,
    "trust_scores": {
      "0": 0.3553101718425751
    },
    "gradient_norms": {
      "0": 0.11371947824954987
    },
    "weights": {
      "0": 1.0
    },
    "features": {
      "0": [
        1.3829143426846713e-05,
        0.5,
        0.5,
        0.022743895649909973,
        0.5,
        0.5
      ]
    },
    "raw_metrics": {
      "0": {
        "original_norm": 0.11371947824954987,
        "is_malicious": false
      }
    }
  }
}