{
  "0": {
    "test_accuracy": 0.9779,
    "test_error": 0.02210000000000001,
    "trust_scores": {
      "1": 0.35415348410606384,
      "0": 0.3523038625717163
    },
    "gradient_norms": {
      "1": 0.8219093680381775,
      "0": 0.6865226626396179
    },
    "weights": {
      "1": 0.5004624128341675,
      "0": 0.4995376169681549
    },
    "features": {
      "1": [
        1.2211490684421733e-05,
        0.5,
        0.3735295534133911,
        0.16438187658786774,
        0.5,
        0.5
      ],
      "0": [
        1.277509090868989e-05,
        0.5,
        0.3735295534133911,
        0.13730452954769135,
        0.5,
        0.5
      ]
    },
    "raw_metrics": {
      "1": {
        "original_norm": 0.8219093680381775,
        "is_malicious": false
      }
    }
  }
}