{
  "0": {
    "test_accuracy": 0.9784,
    "test_error": 0.021599999999999953,
    "trust_scores": {
      "2": 0.6859055161476135,
      "0": 0.6310535073280334,
      "1": 0.6902444362640381
    },
    "gradient_norms": {
      "2": 1.0568825006484985,
      "0": 4.071367263793945,
      "1": 0.7428625822067261
    },
    "weights": {
      "2": 0.3977125287055969,
      "0": 0.20284557342529297,
      "1": 0.3994419276714325
    },
    "features": {
      "2": [
        0.5,
        0.5,
        0.5,
        0.10568825155496597,
        0.5,
        0.8182250261306763
      ],
      "0": [
        0.5,
        0.5,
        0.5,
        0.4071367383003235,
        0.5,
        0.0
      ],
      "1": [
        0.5,
        0.5,
        0.5,
        0.07428625971078873,
        0.5,
        1.0
      ]
    },
    "raw_metrics": {
      "2": {
        "original_norm": 1.0568825006484985,
        "is_malicious": false
      },
      "0": {
        "original_norm": 0.38059163093566895,
        "attacked_norm": 4.071367263793945,
        "is_malicious": true,
        "attack_type": "partial_scaling_attack"
      },
      "1": {
        "original_norm": 0.7428625822067261,
        "is_malicious": false
      }
    },
    "client_status": {
      "2": "HONEST",
      "0": "MALICIOUS",
      "1": "HONEST"
    }
  }
}