{
  "0": {
    "test_accuracy": 0.9779,
    "test_error": 0.02210000000000001,
    "trust_scores": {
      "2": 0.355497807264328,
      "0": 0.35318154096603394,
      "1": 0.3524656295776367
    },
    "gradient_norms": {
      "2": 1.0366966724395752,
      "0": 0.8131405711174011,
      "1": 0.7594138979911804
    },
    "weights": {
      "2": 0.33392783999443054,
      "0": 0.3331552743911743,
      "1": 0.33291685581207275
    },
    "features": {
      "2": [
        1.879774390545208e-05,
        0.5,
        0.36373013257980347,
        0.2073393315076828,
        0.5,
        0.5
      ],
      "0": [
        2.0718598534585908e-05,
        0.5,
        0.3605857491493225,
        0.16262811422348022,
        0.5,
        0.5
      ],
      "1": [
        1.8924110918305814e-05,
        0.5,
        0.3845357298851013,
        0.15188278257846832,
        0.5,
        0.5
      ]
    },
    "raw_metrics": {
      "2": {
        "original_norm": 1.0366966724395752,
        "is_malicious": false
      },
      "0": {
        "original_norm": 0.8131405711174011,
        "is_malicious": false
      },
      "1": {
        "original_norm": 0.7594138979911804,
        "is_malicious": false
      }
    }
  }
}