{
  "0": {
    "test_accuracy": 0.9784,
    "test_error": 0.021599999999999953,
    "trust_scores": {
      "2": 0.6985188722610474,
      "3": 0.824773371219635,
      "0": 0.8125270009040833,
      "1": 0.690312922000885,
      "4": 0.825279951095581
    },
    "gradient_norms": {
      "2": 8.574206352233887,
      "3": 0.88504958152771,
      "0": 1.1546499729156494,
      "1": 10.12180233001709,
      "4": 0.9755470752716064
    },
    "weights": {
      "2": 0.11464296281337738,
      "3": 0.25791382789611816,
      "0": 0.2547745704650879,
      "1": 0.11462414264678955,
      "4": 0.2580445110797882
    },
    "features": {
      "2": [
        0.5,
        0.5,
        0.5,
        0.8574206233024597,
        0.5,
        0.7613883018493652
      ],
      "3": [
        0.5,
        0.5,
        0.5,
        0.08850495517253876,
        0.5,
        0.4468879699707031
      ],
      "0": [
        0.5,
        0.5,
        0.5,
        0.11546500027179718,
        0.5,
        0.0
      ],
      "1": [
        0.5,
        0.5,
        0.5,
        1.0,
        0.5,
        1.0
      ],
      "4": [
        0.5,
        0.5,
        0.5,
        0.09755470603704453,
        0.5,
        0.4653608798980713
      ]
    },
    "raw_metrics": {
      "2": {
        "original_norm": 0.6783980131149292,
        "attacked_norm": 8.574206352233887,
        "is_malicious": true,
        "attack_type": "partial_scaling_attack"
      },
      "3": {
        "original_norm": 0.88504958152771,
        "is_malicious": false
      },
      "0": {
        "original_norm": 1.1546499729156494,
        "is_malicious": false
      },
      "1": {
        "original_norm": 0.7848408222198486,
        "attacked_norm": 10.12180233001709,
        "is_malicious": true,
        "attack_type": "partial_scaling_attack"
      },
      "4": {
        "original_norm": 0.9755470752716064,
        "is_malicious": false
      }
    },
    "client_status": {
      "2": "MALICIOUS",
      "3": "HONEST",
      "0": "HONEST",
      "1": "MALICIOUS",
      "4": "HONEST"
    }
  },
  "1": {
    "test_accuracy": 0.9782,
    "test_error": 0.02180000000000004,
    "trust_scores": {
      "1": 0.6833564639091492,
      "0": 0.837157130241394,
      "2": 0.6971340775489807,
      "3": 0.8129696249961853,
      "4": 0.839664876461029
    },
    "gradient_norms": {
      "1": 9.53393268585205,
      "0": 1.1588935852050781,
      "2": 9.0071439743042,
      "3": 0.889193058013916,
      "4": 0.965435802936554
    },
    "weights": {
      "1": 0.11380628496408463,
      "0": 0.25930050015449524,
      "2": 0.11383765190839767,
      "3": 0.25310394167900085,
      "4": 0.2599515914916992
    },
    "features": {
      "1": [
        0.5,
        0.5,
        0.5,
        0.953393280506134,
        0.5,
        0.521723747253418
      ],
      "0": [
        0.5,
        0.5,
        0.5,
        0.11588935554027557,
        0.5,
        0.8744979500770569
      ],
      "2": [
        0.5,
        0.5,
        0.5,
        0.9007143974304199,
        0.5,
        0.9789999127388
      ],
      "3": [
        0.5,
        0.5,
        0.5,
        0.08891930431127548,
        0.5,
        0.0
      ],
      "4": [
        0.5,
        0.5,
        0.5,
        0.0965435802936554,
        0.5,
        1.0
      ]
    },
    "raw_metrics": {
      "1": {
        "original_norm": 0.7749468088150024,
        "attacked_norm": 9.53393268585205,
        "is_malicious": true,
        "attack_type": "partial_scaling_attack"
      },
      "0": {
        "original_norm": 1.1588935852050781,
        "is_malicious": false
      },
      "2": {
        "original_norm": 0.6835341453552246,
        "attacked_norm": 9.0071439743042,
        "is_malicious": true,
        "attack_type": "partial_scaling_attack"
      },
      "3": {
        "original_norm": 0.889193058013916,
        "is_malicious": false
      },
      "4": {
        "original_norm": 0.965435802936554,
        "is_malicious": false
      }
    },
    "client_status": {
      "1": "MALICIOUS",
      "0": "HONEST",
      "2": "MALICIOUS",
      "3": "HONEST",
      "4": "HONEST"
    }
  }
}