{
  "0": {
    "test_accuracy": 0.9779,
    "test_error": 0.02210000000000001,
    "trust_scores": {
      "1": 0.35873326659202576,
      "0": 0.395052969455719
    },
    "gradient_norms": {
      "1": 2.227905511856079,
      "0": 6.571625232696533
    },
    "weights": {
      "1": 0.4909210801124573,
      "0": 0.5090789198875427
    },
    "features": {
      "1": [
        4.216641536913812e-05,
        0.5,
        0.8426406383514404,
        0.4455811083316803,
        0.5,
        0.5
      ],
      "0": [
        0.00033814128255471587,
        0.5,
        0.8426406383514404,
        1.0,
        0.5,
        0.5
      ]
    },
    "raw_metrics": {
      "1": {
        "original_norm": 2.227905511856079,
        "is_malicious": false
      }
    }
  }
}