{
  "0": {
    "test_accuracy": 0.9784,
    "test_error": 0.021599999999999953,
    "trust_scores": {
      "0": 0.21837271749973297,
      "2": 0.10267198085784912,
      "3": 0.20550869405269623,
      "1": 0.1017279401421547,
      "4": 0.20257122814655304
    },
    "gradient_norms": {
      "0": 1.1683520078659058,
      "2": 8.61696720123291,
      "3": 0.8721787929534912,
      "1": 9.71800422668457,
      "4": 0.9715726971626282
    },
    "weights": {
      "0": 0.21761126816272736,
      "2": 0.1766795516014099,
      "3": 0.21482984721660614,
      "1": 0.1766795516014099,
      "4": 0.2141997218132019
    },
    "features": {
      "0": [
        0.5,
        0.5,
        0.5,
        0.11683519929647446,
        0.5,
        0.638918936252594
      ],
      "2": [
        0.5,
        0.5,
        0.5,
        0.861696720123291,
        0.5,
        0.676687479019165
      ],
      "3": [
        0.5,
        0.5,
        0.5,
        0.08721788227558136,
        0.5,
        0.13697050511837006
      ],
      "1": [
        0.5,
        0.5,
        0.5,
        0.9718004465103149,
        0.5,
        1.0
      ],
      "4": [
        0.5,
        0.5,
        0.5,
        0.09715726971626282,
        0.5,
        0.0
      ]
    },
    "raw_metrics": {
      "0": {
        "original_norm": 1.1683520078659058,
        "is_malicious": false
      },
      "2": {
        "original_norm": 0.6843599081039429,
        "attacked_norm": 8.61696720123291,
        "is_malicious": true,
        "attack_type": "partial_scaling_attack"
      },
      "3": {
        "original_norm": 0.8721787929534912,
        "is_malicious": false
      },
      "1": {
        "original_norm": 0.7751457095146179,
        "attacked_norm": 9.71800422668457,
        "is_malicious": true,
        "attack_type": "partial_scaling_attack"
      },
      "4": {
        "original_norm": 0.9715726971626282,
        "is_malicious": false
      }
    },
    "client_status": {
      "0": "HONEST",
      "2": "MALICIOUS",
      "3": "HONEST",
      "1": "MALICIOUS",
      "4": "HONEST"
    }
  },
  "1": {
    "test_accuracy": 0.9782,
    "test_error": 0.02180000000000004,
    "trust_scores": {
      "3": 0.22859539091587067,
      "4": 0.20256395637989044,
      "0": 0.21571117639541626,
      "2": 0.10744530707597733,
      "1": 0.08787036687135696
    },
    "gradient_norms": {
      "3": 0.8774455785751343,
      "4": 0.972719669342041,
      "0": 1.1657382249832153,
      "2": 8.378643989562988,
      "1": 9.92749309539795
    },
    "weights": {
      "3": 0.21887603402137756,
      "4": 0.21325188875198364,
      "0": 0.21607407927513123,
      "2": 0.17589904367923737,
      "1": 0.17589904367923737
    },
    "features": {
      "3": [
        0.5,
        0.5,
        0.5,
        0.08774455636739731,
        0.5,
        1.0
      ],
      "4": [
        0.5,
        0.5,
        0.5,
        0.09727196395397186,
        0.5,
        0.0
      ],
      "0": [
        0.5,
        0.5,
        0.5,
        0.11657382547855377,
        0.5,
        0.5555605888366699
      ],
      "2": [
        0.5,
        0.5,
        0.5,
        0.8378643989562988,
        0.5,
        0.8701592683792114
      ],
      "1": [
        0.5,
        0.5,
        0.5,
        0.9927493333816528,
        0.5,
        0.1740489900112152
      ]
    },
    "raw_metrics": {
      "3": {
        "original_norm": 0.8774455785751343,
        "is_malicious": false
      },
      "4": {
        "original_norm": 0.972719669342041,
        "is_malicious": false
      },
      "0": {
        "original_norm": 1.1657382249832153,
        "is_malicious": false
      },
      "2": {
        "original_norm": 0.6750339269638062,
        "attacked_norm": 8.378643989562988,
        "is_malicious": true,
        "attack_type": "partial_scaling_attack"
      },
      "1": {
        "original_norm": 0.7782359719276428,
        "attacked_norm": 9.92749309539795,
        "is_malicious": true,
        "attack_type": "partial_scaling_attack"
      }
    },
    "client_status": {
      "3": "HONEST",
      "4": "HONEST",
      "0": "HONEST",
      "2": "MALICIOUS",
      "1": "MALICIOUS"
    }
  }
}