{
  "0": {
    "test_accuracy": 0.9784,
    "test_error": 0.021599999999999953,
    "trust_scores": {
      "2": 0.9811140298843384,
      "3": 0.3258102536201477,
      "0": 0.3239503800868988,
      "1": 1.0,
      "4": 0.3265399634838104
    },
    "gradient_norms": {
      "2": 8.242573738098145,
      "3": 0.8762601017951965,
      "0": 1.1666882038116455,
      "1": 9.834014892578125,
      "4": 0.965331494808197
    },
    "weights": {
      "2": 0.12769849598407745,
      "3": 0.2481074035167694,
      "0": 0.24856926500797272,
      "1": 0.12769849598407745,
      "4": 0.24792639911174774
    },
    "features": {
      "2": [
        0.5,
        0.5,
        0.5,
        0.8242573738098145,
        0.5,
        0.7613883018493652
      ],
      "3": [
        0.5,
        0.5,
        0.5,
        0.08762601017951965,
        0.5,
        0.4468879699707031
      ],
      "0": [
        0.5,
        0.5,
        0.5,
        0.11666882038116455,
        0.5,
        0.0
      ],
      "1": [
        0.5,
        0.5,
        0.5,
        0.9834014773368835,
        0.5,
        1.0
      ],
      "4": [
        0.5,
        0.5,
        0.5,
        0.0965331494808197,
        0.5,
        0.4653608798980713
      ]
    },
    "raw_metrics": {
      "2": {
        "original_norm": 0.6620728969573975,
        "attacked_norm": 8.242573738098145,
        "is_malicious": true,
        "attack_type": "partial_scaling_attack"
      },
      "3": {
        "original_norm": 0.8762601017951965,
        "is_malicious": false
      },
      "0": {
        "original_norm": 1.1666882038116455,
        "is_malicious": false
      },
      "1": {
        "original_norm": 0.7753506302833557,
        "attacked_norm": 9.834014892578125,
        "is_malicious": true,
        "attack_type": "partial_scaling_attack"
      },
      "4": {
        "original_norm": 0.965331494808197,
        "is_malicious": false
      }
    },
    "client_status": {
      "2": "MALICIOUS",
      "3": "HONEST",
      "0": "HONEST",
      "1": "MALICIOUS",
      "4": "HONEST"
    }
  },
  "1": {
    "test_accuracy": 0.9782,
    "test_error": 0.02180000000000004,
    "trust_scores": {
      "1": 1.0,
      "0": 0.33373287320137024,
      "2": 0.9874764680862427,
      "3": 0.3195689916610718,
      "4": 0.33435890078544617
    },
    "gradient_norms": {
      "1": 9.954191207885742,
      "0": 1.1545381546020508,
      "2": 8.40223217010498,
      "3": 0.888306736946106,
      "4": 0.9746562242507935
    },
    "weights": {
      "1": 0.12805670499801636,
      "0": 0.2468400001525879,
      "2": 0.12805670499801636,
      "3": 0.2503610849380493,
      "4": 0.24668550491333008
    },
    "features": {
      "1": [
        0.5,
        0.5,
        0.5,
        0.9954191446304321,
        0.5,
        0.521723747253418
      ],
      "0": [
        0.5,
        0.5,
        0.5,
        0.1154538169503212,
        0.5,
        0.8744979500770569
      ],
      "2": [
        0.5,
        0.5,
        0.5,
        0.8402231931686401,
        0.5,
        0.9789999127388
      ],
      "3": [
        0.5,
        0.5,
        0.5,
        0.08883067220449448,
        0.5,
        0.0
      ],
      "4": [
        0.5,
        0.5,
        0.5,
        0.0974656194448471,
        0.5,
        1.0
      ]
    },
    "raw_metrics": {
      "1": {
        "original_norm": 0.7748933434486389,
        "attacked_norm": 9.954191207885742,
        "is_malicious": true,
        "attack_type": "partial_scaling_attack"
      },
      "0": {
        "original_norm": 1.1545381546020508,
        "is_malicious": false
      },
      "2": {
        "original_norm": 0.6741697788238525,
        "attacked_norm": 8.40223217010498,
        "is_malicious": true,
        "attack_type": "partial_scaling_attack"
      },
      "3": {
        "original_norm": 0.888306736946106,
        "is_malicious": false
      },
      "4": {
        "original_norm": 0.9746562242507935,
        "is_malicious": false
      }
    },
    "client_status": {
      "1": "MALICIOUS",
      "0": "HONEST",
      "2": "MALICIOUS",
      "3": "HONEST",
      "4": "HONEST"
    }
  }
}