{
  "0": {
    "test_accuracy": 0.9784,
    "test_error": 0.021599999999999953,
    "trust_scores": {
      "0": 0.6703845858573914,
      "2": 0.5557761788368225,
      "3": 0.6524911522865295,
      "1": 0.5587748289108276,
      "4": 0.6506895422935486
    },
    "gradient_norms": {
      "0": 1.173510193824768,
      "2": 8.677650451660156,
      "3": 0.8998010754585266,
      "1": 9.580767631530762,
      "4": 0.968396782875061
    },
    "weights": {
      "0": 0.25017181038856506,
      "2": 0.12939618527889252,
      "3": 0.24573518335819244,
      "1": 0.12940393388271332,
      "4": 0.24529285728931427
    },
    "features": {
      "0": [
        0.5,
        0.5,
        0.5,
        0.11735101789236069,
        0.5,
        0.638918936252594
      ],
      "2": [
        0.5,
        0.5,
        0.5,
        0.8677650690078735,
        0.5,
        0.676687479019165
      ],
      "3": [
        0.5,
        0.5,
        0.5,
        0.0899801105260849,
        0.5,
        0.13697050511837006
      ],
      "1": [
        0.5,
        0.5,
        0.5,
        0.9580767750740051,
        0.5,
        1.0
      ],
      "4": [
        0.5,
        0.5,
        0.5,
        0.09683968126773834,
        0.5,
        0.0
      ]
    },
    "raw_metrics": {
      "0": {
        "original_norm": 1.173510193824768,
        "is_malicious": false
      },
      "2": {
        "original_norm": 0.681867241859436,
        "attacked_norm": 8.677650451660156,
        "is_malicious": true,
        "attack_type": "partial_scaling_attack"
      },
      "3": {
        "original_norm": 0.8998010754585266,
        "is_malicious": false
      },
      "1": {
        "original_norm": 0.7686391472816467,
        "attacked_norm": 9.580767631530762,
        "is_malicious": true,
        "attack_type": "partial_scaling_attack"
      },
      "4": {
        "original_norm": 0.968396782875061,
        "is_malicious": false
      }
    },
    "client_status": {
      "0": "HONEST",
      "2": "MALICIOUS",
      "3": "HONEST",
      "1": "MALICIOUS",
      "4": "HONEST"
    }
  },
  "1": {
    "test_accuracy": 0.9781,
    "test_error": 0.02190000000000003,
    "trust_scores": {
      "3": 0.6887118816375732,
      "4": 0.6513001918792725,
      "0": 0.6700959205627441,
      "2": 0.5766689777374268,
      "1": 0.5329729914665222
    },
    "gradient_norms": {
      "3": 0.8777046799659729,
      "4": 0.9642890095710754,
      "0": 1.1643409729003906,
      "2": 8.09906005859375,
      "1": 9.785706520080566
    },
    "weights": {
      "3": 0.25249409675598145,
      "4": 0.24322237074375153,
      "0": 0.2478371411561966,
      "2": 0.12827922403812408,
      "1": 0.12816715240478516
    },
    "features": {
      "3": [
        0.5,
        0.5,
        0.5,
        0.08777046948671341,
        0.5,
        1.0
      ],
      "4": [
        0.5,
        0.5,
        0.5,
        0.09642890095710754,
        0.5,
        0.0
      ],
      "0": [
        0.5,
        0.5,
        0.5,
        0.11643409729003906,
        0.5,
        0.5555605888366699
      ],
      "2": [
        0.5,
        0.5,
        0.5,
        0.809906005859375,
        0.5,
        0.8701592683792114
      ],
      "1": [
        0.5,
        0.5,
        0.5,
        0.9785706400871277,
        0.5,
        0.1740489900112152
      ]
    },
    "raw_metrics": {
      "3": {
        "original_norm": 0.8777046799659729,
        "is_malicious": false
      },
      "4": {
        "original_norm": 0.9642890095710754,
        "is_malicious": false
      },
      "0": {
        "original_norm": 1.1643409729003906,
        "is_malicious": false
      },
      "2": {
        "original_norm": 0.6661168336868286,
        "attacked_norm": 8.09906005859375,
        "is_malicious": true,
        "attack_type": "partial_scaling_attack"
      },
      "1": {
        "original_norm": 0.7808380722999573,
        "attacked_norm": 9.785706520080566,
        "is_malicious": true,
        "attack_type": "partial_scaling_attack"
      }
    },
    "client_status": {
      "3": "HONEST",
      "4": "HONEST",
      "0": "HONEST",
      "2": "MALICIOUS",
      "1": "MALICIOUS"
    }
  },
  "2": {
    "test_accuracy": 0.9781,
    "test_error": 0.02190000000000003,
    "trust_scores": {
      "4": 0.6760213375091553,
      "3": 0.6506751179695129,
      "0": 0.6510283350944519,
      "2": 0.5487625598907471,
      "1": 0.5568753480911255
    },
    "gradient_norms": {
      "4": 0.9676140546798706,
      "3": 0.8913336992263794,
      "0": 1.1619467735290527,
      "2": 8.8335599899292,
      "1": 9.975356101989746
    },
    "weights": {
      "4": 0.2513274848461151,
      "3": 0.24503734707832336,
      "0": 0.24512390792369843,
      "2": 0.12924513220787048,
      "1": 0.12926608324050903
    },
    "features": {
      "4": [
        0.5,
        0.5,
        0.5,
        0.09676140546798706,
        0.5,
        0.738628625869751
      ],
      "3": [
        0.5,
        0.5,
        0.5,
        0.0891333669424057,
        0.5,
        0.0
      ],
      "0": [
        0.5,
        0.5,
        0.5,
        0.11619468033313751,
        0.5,
        0.1973799616098404
      ],
      "2": [
        0.5,
        0.5,
        0.5,
        0.883355975151062,
        0.5,
        0.5080522894859314
      ],
      "1": [
        0.5,
        0.5,
        0.5,
        0.9975355863571167,
        0.5,
        1.0
      ]
    },
    "raw_metrics": {
      "4": {
        "original_norm": 0.9676140546798706,
        "is_malicious": false
      },
      "3": {
        "original_norm": 0.8913336992263794,
        "is_malicious": false
      },
      "0": {
        "original_norm": 1.1619467735290527,
        "is_malicious": false
      },
      "2": {
        "original_norm": 0.6748990416526794,
        "attacked_norm": 8.8335599899292,
        "is_malicious": true,
        "attack_type": "partial_scaling_attack"
      },
      "1": {
        "original_norm": 0.7857157588005066,
        "attacked_norm": 9.975356101989746,
        "is_malicious": true,
        "attack_type": "partial_scaling_attack"
      }
    },
    "client_status": {
      "4": "HONEST",
      "3": "HONEST",
      "0": "HONEST",
      "2": "MALICIOUS",
      "1": "MALICIOUS"
    }
  }
}