{
  "0": {
    "test_accuracy": 0.9779,
    "test_error": 0.02210000000000001,
    "trust_scores": {
      "0": 0.35091957449913025,
      "1": 0.35455211997032166
    },
    "gradient_norms": {
      "0": 0.5231754779815674,
      "1": 0.8387019634246826
    },
    "weights": {
      "0": 0.49909186363220215,
      "1": 0.5009081363677979
    },
    "features": {
      "0": [
        2.814122854033485e-05,
        0.5,
        0.358490914106369,
        0.1046350970864296,
        0.5,
        0.5
      ],
      "1": [
        1.4144785382086411e-05,
        0.5,
        0.358490914106369,
        0.16774038970470428,
        0.5,
        0.5
      ]
    },
    "raw_metrics": {
      "0": {
        "original_norm": 0.5231754779815674,
        "is_malicious": false
      },
      "1": {
        "original_norm": 0.8387019634246826,
        "is_malicious": false
      }
    }
  }
}